{
  "order": 2,
  "channels": {
    "red": [1.87069, 0.0292046, -0.016933, -0.017239, 0.00775164, -0.0515729, 0.0498907, -0.146664, 0.122256],
    "green": [1.95927, 0.115568, -0.0444066, 0.00995667, 0.0204791, -0.102059, 0.0403897, -0.184938, 0.126804],
    "blue": [2.02743, 0.221996, -0.065877, 0.0654968, 0.0313548, -0.168988, 0.0134751, -0.221005, 0.0867222]
  }
}